{"rmse": 0.2900456079843342, "mae": 0.22346816319138382}