{"rmse": 0.2903183653761062, "mae": 0.22339546069207125}